CREATE TABLE `t_user` (
  `id` int(11) NOT NULL AUTO_INCREMENT,
  `username` varchar(32) NOT NULL COMMENT '用户名称',
  `birthday` varchar(32) DEFAULT NULL COMMENT '生日',
  `sex` char(1) DEFAULT NULL COMMENT '性别',
  `address` varchar(256) DEFAULT NULL COMMENT '地址',
  `password` varchar(50) CHARACTER SET utf8 COLLATE utf8_general_ci DEFAULT NULL,
  `email` varchar(50) CHARACTER SET utf8 COLLATE utf8_general_ci DEFAULT NULL,
  `phone` varchar(20) CHARACTER SET utf8 COLLATE utf8_general_ci DEFAULT NULL,
  `question` varchar(50) CHARACTER SET utf8 COLLATE utf8_general_ci DEFAULT NULL,
  `answer` varchar(60) CHARACTER SET utf8 COLLATE utf8_general_ci DEFAULT NULL,
  `role` tinyint(10) unsigned DEFAULT NULL,
  `createTime` date DEFAULT NULL,
  `updateTime` date DEFAULT NULL,
  PRIMARY KEY (`id`)
) ENGINE=InnoDB DEFAULT CHARSET=utf8;



CREATE TABLE `t_order` (
  `id` int(11) NOT NULL AUTO_INCREMENT COMMENT '订单id',
  `order_no` bigint(20) DEFAULT NULL COMMENT '订单号',
  `user_id` int(11) DEFAULT NULL COMMENT '用户id',
  `shipping_id` int(11) DEFAULT NULL,
  `payment` decimal(20,2) DEFAULT NULL COMMENT '实际付款金额,单位是元,保留两位小数',
  `payment_type` int(4) DEFAULT NULL COMMENT '支付类型,1-在线支付',
  `postage` int(10) DEFAULT NULL COMMENT '运费,单位是元',
  `status` int(10) DEFAULT NULL COMMENT '订单状态:0-已取消-10-未付款，20-已付款，40-已发货，50-交易成功，60-交易关闭',
  `payment_time` datetime DEFAULT NULL COMMENT '支付时间',
  `send_time` datetime DEFAULT NULL COMMENT '发货时间',
  `end_time` datetime DEFAULT NULL COMMENT '交易完成时间',
  `close_time` datetime DEFAULT NULL COMMENT '交易关闭时间',
  `create_time` datetime DEFAULT NULL COMMENT '创建时间',
  `update_time` datetime DEFAULT NULL COMMENT '更新时间',
  PRIMARY KEY (`id`),
  UNIQUE KEY `order_no_index` (`order_no`) USING BTREE
) ENGINE=InnoDB DEFAULT CHARSET=utf8;

INSERT INTO `t_order` VALUES ('103', '1491753014256', '1', '25', '13998.00', '1', '0', '10', null, null, null, null, '2017-04-09 23:50:14', '2017-04-09 23:50:14'), ('104', '1491830695216', '1', '26', '13998.00', '1', '0', '10', null, null, null, null, '2017-04-10 21:24:55', '2017-04-10 21:24:55'), ('105', '1492089528889', '1', '29', '3299.00', '1', '0', '10', null, null, null, null, '2017-04-13 21:18:48', '2017-04-13 21:18:48'), ('106', '1492090946105', '1', '29', '27894.00', '1', '0', '20', '2017-04-13 21:42:40', null, null, null, '2017-04-13 21:42:26', '2017-04-13 21:42:41'), ('107', '1492091003128', '1', '29', '8597.00', '1', '0', '20', '2017-04-13 21:43:38', null, null, null, '2017-04-13 21:43:23', '2017-04-13 21:43:38'), ('108', '1492091051313', '1', '29', '1999.00', '1', '0', '10', null, null, null, null, '2017-04-13 21:44:11', '2017-04-13 21:44:11'), ('109', '1492091061513', '1', '29', '6598.00', '1', '0', '10', null, null, null, null, '2017-04-13 21:44:21', '2017-04-13 21:44:21'), ('110', '1492091069563', '1', '29', '3299.00', '1', '0', '10', null, null, null, null, '2017-04-13 21:44:29', '2017-04-13 21:44:29'), ('111', '1492091076073', '1', '29', '4299.00', '1', '0', '10', null, null, null, null, '2017-04-13 21:44:36', '2017-04-13 21:44:36'), ('112', '1492091083720', '1', '29', '3299.00', '1', '0', '10', null, null, null, null, '2017-04-13 21:44:43', '2017-04-13 21:44:43'), ('113', '1492091089794', '1', '29', '6999.00', '1', '0', '10', null, null, null, null, '2017-04-13 21:44:49', '2017-04-13 21:44:49'), ('114', '1492091096400', '1', '29', '6598.00', '1', '0', '10', null, null, null, null, '2017-04-13 21:44:56', '2017-04-13 21:44:56'), ('115', '1492091102371', '1', '29', '3299.00', '1', '0', '10', null, null, null, null, '2017-04-13 21:45:02', '2017-04-13 21:45:02'), ('116', '1492091110004', '1', '29', '8598.00', '1', '0', '40', '2017-04-13 21:55:16', '2017-04-13 21:55:31', null, null, '2017-04-13 21:45:09', '2017-04-13 21:55:31'), ('117', '1492091141269', '1', '29', '22894.00', '1', '0', '20', '2017-04-13 21:46:06', null, null, null, '2017-04-13 21:45:41', '2017-04-13 21:46:07');


CREATE TABLE `t_order_item` (
  `id` int(11) NOT NULL AUTO_INCREMENT COMMENT '订单子表id',
  `user_id` int(11) DEFAULT NULL,
  `order_no` bigint(20) DEFAULT NULL,
  `product_id` int(11) DEFAULT NULL COMMENT '商品id',
  `product_name` varchar(100) DEFAULT NULL COMMENT '商品名称',
  `product_image` varchar(500) DEFAULT NULL COMMENT '商品图片地址',
  `current_unit_price` decimal(20,2) DEFAULT NULL COMMENT '生成订单时的商品单价，单位是元,保留两位小数',
  `quantity` int(10) DEFAULT NULL COMMENT '商品数量',
  `total_price` decimal(20,2) DEFAULT NULL COMMENT '商品总价,单位是元,保留两位小数',
  `create_time` datetime DEFAULT NULL,
  `update_time` datetime DEFAULT NULL,
  PRIMARY KEY (`id`),
  KEY `order_no_index` (`order_no`) USING BTREE,
  KEY `order_no_user_id_index` (`user_id`,`order_no`) USING BTREE
) ENGINE=InnoDB DEFAULT CHARSET=utf8;

INSERT INTO `t_order_item` VALUES ('113', '1', '1491753014256', '26', 'Apple iPhone 7 Plus (A1661) 128G 玫瑰金色 移动联通电信4G手机', '241997c4-9e62-4824-b7f0-7425c3c28917.jpeg', '6999.00', '2', '13998.00', '2017-04-09 23:50:14', '2017-04-09 23:50:14'), ('114', '1', '1491830695216', '26', 'Apple iPhone 7 Plus (A1661) 128G 玫瑰金色 移动联通电信4G手机', '241997c4-9e62-4824-b7f0-7425c3c28917.jpeg', '6999.00', '2', '13998.00', '2017-04-10 21:24:55', '2017-04-10 21:24:55'), ('115', '1', '1492089528889', '27', 'Midea/美的 BCD-535WKZM(E)冰箱双开门对开门风冷无霜智能电家用', 'ac3e571d-13ce-4fad-89e8-c92c2eccf536.jpeg', '3299.00', '1', '3299.00', '2017-04-13 21:18:48', '2017-04-13 21:18:48'), ('116', '1', '1492090946105', '29', 'Haier/海尔HJ100-1HU1 10公斤滚筒洗衣机全自动带烘干家用大容量 洗烘一体', '173335a4-5dce-4afd-9f18-a10623724c4e.jpeg', '4299.00', '2', '8598.00', '2017-04-13 21:42:26', '2017-04-13 21:42:26'), ('117', '1', '1492090946105', '28', '4+64G送手环/Huawei/华为 nova 手机P9/P10plus青春', '0093f5d3-bdb4-4fb0-bec5-5465dfd26363.jpeg', '1999.00', '1', '1999.00', '2017-04-13 21:42:26', '2017-04-13 21:42:26'), ('118', '1', '1492090946105', '27', 'Midea/美的 BCD-535WKZM(E)冰箱双开门对开门风冷无霜智能电家用', 'ac3e571d-13ce-4fad-89e8-c92c2eccf536.jpeg', '3299.00', '1', '3299.00', '2017-04-13 21:42:26', '2017-04-13 21:42:26'), ('119', '1', '1492090946105', '26', 'Apple iPhone 7 Plus (A1661) 128G 玫瑰金色 移动联通电信4G手机', '241997c4-9e62-4824-b7f0-7425c3c28917.jpeg', '6999.00', '2', '13998.00', '2017-04-13 21:42:26', '2017-04-13 21:42:26'), ('120', '1', '1492091003128', '27', 'Midea/美的 BCD-535WKZM(E)冰箱双开门对开门风冷无霜智能电家用', 'ac3e571d-13ce-4fad-89e8-c92c2eccf536.jpeg', '3299.00', '2', '6598.00', '2017-04-13 21:43:23', '2017-04-13 21:43:23'), ('121', '1', '1492091003128', '28', '4+64G送手环/Huawei/华为 nova 手机P9/P10plus青春', '0093f5d3-bdb4-4fb0-bec5-5465dfd26363.jpeg', '1999.00', '1', '1999.00', '2017-04-13 21:43:23', '2017-04-13 21:43:23'), ('122', '1', '1492091051313', '28', '4+64G送手环/Huawei/华为 nova 手机P9/P10plus青春', '0093f5d3-bdb4-4fb0-bec5-5465dfd26363.jpeg', '1999.00', '1', '1999.00', '2017-04-13 21:44:11', '2017-04-13 21:44:11'), ('123', '1', '1492091061513', '27', 'Midea/美的 BCD-535WKZM(E)冰箱双开门对开门风冷无霜智能电家用', 'ac3e571d-13ce-4fad-89e8-c92c2eccf536.jpeg', '3299.00', '2', '6598.00', '2017-04-13 21:44:21', '2017-04-13 21:44:21'), ('124', '1', '1492091069563', '27', 'Midea/美的 BCD-535WKZM(E)冰箱双开门对开门风冷无霜智能电家用', 'ac3e571d-13ce-4fad-89e8-c92c2eccf536.jpeg', '3299.00', '1', '3299.00', '2017-04-13 21:44:29', '2017-04-13 21:44:29'), ('125', '1', '1492091076073', '29', 'Haier/海尔HJ100-1HU1 10公斤滚筒洗衣机全自动带烘干家用大容量 洗烘一体', '173335a4-5dce-4afd-9f18-a10623724c4e.jpeg', '4299.00', '1', '4299.00', '2017-04-13 21:44:36', '2017-04-13 21:44:36'), ('126', '1', '1492091083720', '27', 'Midea/美的 BCD-535WKZM(E)冰箱双开门对开门风冷无霜智能电家用', 'ac3e571d-13ce-4fad-89e8-c92c2eccf536.jpeg', '3299.00', '1', '3299.00', '2017-04-13 21:44:43', '2017-04-13 21:44:43'), ('127', '1', '1492091089794', '26', 'Apple iPhone 7 Plus (A1661) 128G 玫瑰金色 移动联通电信4G手机', '241997c4-9e62-4824-b7f0-7425c3c28917.jpeg', '6999.00', '1', '6999.00', '2017-04-13 21:44:49', '2017-04-13 21:44:49'), ('128', '1', '1492091096400', '27', 'Midea/美的 BCD-535WKZM(E)冰箱双开门对开门风冷无霜智能电家用', 'ac3e571d-13ce-4fad-89e8-c92c2eccf536.jpeg', '3299.00', '2', '6598.00', '2017-04-13 21:44:56', '2017-04-13 21:44:56'), ('129', '1', '1492091102371', '27', 'Midea/美的 BCD-535WKZM(E)冰箱双开门对开门风冷无霜智能电家用', 'ac3e571d-13ce-4fad-89e8-c92c2eccf536.jpeg', '3299.00', '1', '3299.00', '2017-04-13 21:45:02', '2017-04-13 21:45:02'), ('130', '1', '1492091110004', '29', 'Haier/海尔HJ100-1HU1 10公斤滚筒洗衣机全自动带烘干家用大容量 洗烘一体', '173335a4-5dce-4afd-9f18-a10623724c4e.jpeg', '4299.00', '2', '8598.00', '2017-04-13 21:45:09', '2017-04-13 21:45:09'), ('131', '1', '1492091141269', '26', 'Apple iPhone 7 Plus (A1661) 128G 玫瑰金色 移动联通电信4G手机', '241997c4-9e62-4824-b7f0-7425c3c28917.jpeg', '6999.00', '1', '6999.00', '2017-04-13 21:45:41', '2017-04-13 21:45:41'), ('132', '1', '1492091141269', '27', 'Midea/美的 BCD-535WKZM(E)冰箱双开门对开门风冷无霜智能电家用', 'ac3e571d-13ce-4fad-89e8-c92c2eccf536.jpeg', '3299.00', '1', '3299.00', '2017-04-13 21:45:41', '2017-04-13 21:45:41'), ('133', '1', '1492091141269', '29', 'Haier/海尔HJ100-1HU1 10公斤滚筒洗衣机全自动带烘干家用大容量 洗烘一体', '173335a4-5dce-4afd-9f18-a10623724c4e.jpeg', '4299.00', '2', '8598.00', '2017-04-13 21:45:41', '2017-04-13 21:45:41'), ('134', '1', '1492091141269', '28', '4+64G送手环/Huawei/华为 nova 手机P9/P10plus青春', '0093f5d3-bdb4-4fb0-bec5-5465dfd26363.jpeg', '1999.00', '2', '3998.00', '2017-04-13 21:45:41', '2017-04-13 21:45:41');


CREATE TABLE `t_product` (
  `id` int(11) NOT NULL AUTO_INCREMENT COMMENT '商品id',
  `category_id` int(11) NOT NULL COMMENT '分类id,对应mmall_category表的主键',
  `name` varchar(100) NOT NULL COMMENT '商品名称',
  `subtitle` varchar(200) DEFAULT NULL COMMENT '商品副标题',
  `main_image` varchar(500) DEFAULT NULL COMMENT '产品主图,url相对地址',
  `sub_images` text COMMENT '图片地址,json格式,扩展用',
  `detail` text COMMENT '商品详情',
  `price` decimal(20,2) NOT NULL COMMENT '价格,单位-元保留两位小数',
  `stock` int(11) NOT NULL COMMENT '库存数量',
  `status` int(6) DEFAULT '1' COMMENT '商品状态.1-在售 2-下架 3-删除',
  `create_time` datetime DEFAULT NULL COMMENT '创建时间',
  `update_time` datetime DEFAULT NULL COMMENT '更新时间',
  PRIMARY KEY (`id`)
) ENGINE=InnoDB DEFAULT CHARSET=utf8;


INSERT INTO `t_product` VALUES ('26', '100002', 'Apple iPhone 7 Plus (A1661) 128G 玫瑰金色 移动联通电信4G手机', 'iPhone 7，现更以红色呈现。', '241997c4-9e62-4824-b7f0-7425c3c28917.jpeg', '241997c4-9e62-4824-b7f0-7425c3c28917.jpeg,b6c56eb0-1748-49a9-98dc-bcc4b9788a54.jpeg,92f17532-1527-4563-aa1d-ed01baa0f7b2.jpeg,3adbe4f7-e374-4533-aa79-cc4a98c529bf.jpeg', '<p><img alt=\"10000.jpg\" src=\"http://img.happymmall.com/00bce8d4-e9af-4c8d-b205-e6c75c7e252b.jpg\" width=\"790\" height=\"553\"><br></p><p><img alt=\"20000.jpg\" src=\"http://img.happymmall.com/4a70b4b4-01ee-46af-9468-31e67d0995b8.jpg\" width=\"790\" height=\"525\"><br></p><p><img alt=\"30000.jpg\" src=\"http://img.happymmall.com/0570e033-12d7-49b2-88f3-7a5d84157223.jpg\" width=\"790\" height=\"365\"><br></p><p><img alt=\"40000.jpg\" src=\"http://img.happymmall.com/50515c02-3255-44b9-a829-9e141a28c08a.jpg\" width=\"790\" height=\"525\"><br></p><p><img alt=\"50000.jpg\" src=\"http://img.happymmall.com/c138fc56-5843-4287-a029-91cf3732d034.jpg\" width=\"790\" height=\"525\"><br></p><p><img alt=\"60000.jpg\" src=\"http://img.happymmall.com/c92d1f8a-9827-453f-9d37-b10a3287e894.jpg\" width=\"790\" height=\"525\"><br></p><p><br></p><p><img alt=\"TB24p51hgFkpuFjSspnXXb4qFXa-1776456424.jpg\" src=\"http://img.happymmall.com/bb1511fc-3483-471f-80e5-c7c81fa5e1dd.jpg\" width=\"790\" height=\"375\"><br></p><p><br></p><p><img alt=\"shouhou.jpg\" src=\"http://img.happymmall.com/698e6fbe-97ea-478b-8170-008ad24030f7.jpg\" width=\"750\" height=\"150\"><br></p><p><img alt=\"999.jpg\" src=\"http://img.happymmall.com/ee276fe6-5d79-45aa-8393-ba1d210f9c89.jpg\" width=\"790\" height=\"351\"><br></p>', '6999.00', '9991', '1', null, '2017-04-13 21:45:41'), ('27', '100006', 'Midea/美的 BCD-535WKZM(E)冰箱双开门对开门风冷无霜智能电家用', '送品牌烤箱，五一大促', 'ac3e571d-13ce-4fad-89e8-c92c2eccf536.jpeg', 'ac3e571d-13ce-4fad-89e8-c92c2eccf536.jpeg,4bb02f1c-62d5-48cc-b358-97b05af5740d.jpeg,36bdb49c-72ae-4185-9297-78829b54b566.jpeg', '<p><img alt=\"miaoshu.jpg\" src=\"http://img.happymmall.com/9c5c74e6-6615-4aa0-b1fc-c17a1eff6027.jpg\" width=\"790\" height=\"444\"><br></p><p><img alt=\"miaoshu2.jpg\" src=\"http://img.happymmall.com/31dc1a94-f354-48b8-a170-1a1a6de8751b.jpg\" width=\"790\" height=\"1441\"><img alt=\"miaoshu3.jpg\" src=\"http://img.happymmall.com/7862594b-3063-4b52-b7d4-cea980c604e0.jpg\" width=\"790\" height=\"1442\"><img alt=\"miaoshu4.jpg\" src=\"http://img.happymmall.com/9a650563-dc85-44d6-b174-d6960cfb1d6a.jpg\" width=\"790\" height=\"1441\"><br></p>', '3299.00', '8876', '1', '2017-04-13 18:51:54', '2017-04-13 21:45:41'), ('28', '100012', '4+64G送手环/Huawei/华为 nova 手机P9/P10plus青春', 'NOVA青春版1999元', '0093f5d3-bdb4-4fb0-bec5-5465dfd26363.jpeg', '0093f5d3-bdb4-4fb0-bec5-5465dfd26363.jpeg,13da2172-4445-4eb5-a13f-c5d4ede8458c.jpeg,58d5d4b7-58d4-4948-81b6-2bae4f79bf02.jpeg', '<p><img alt=\"11TB2fKK3cl0kpuFjSsziXXa.oVXa_!!1777180618.jpg\" src=\"http://img.happymmall.com/5c2d1c6d-9e09-48ce-bbdb-e833b42ff664.jpg\" width=\"790\" height=\"966\"><img alt=\"22TB2YP3AkEhnpuFjSZFpXXcpuXXa_!!1777180618.jpg\" src=\"http://img.happymmall.com/9a10b877-818f-4a27-b6f7-62887f3fb39d.jpg\" width=\"790\" height=\"1344\"><img alt=\"33TB2Yyshk.hnpuFjSZFpXXcpuXXa_!!1777180618.jpg\" src=\"http://img.happymmall.com/7d7fbd69-a3cb-4efe-8765-423bf8276e3e.jpg\" width=\"790\" height=\"700\"><img alt=\"TB2diyziB8kpuFjSspeXXc7IpXa_!!1777180618.jpg\" src=\"http://img.happymmall.com/1d7160d2-9dba-422f-b2a0-e92847ba6ce9.jpg\" width=\"790\" height=\"393\"><br></p>', '1999.00', '9994', '1', '2017-04-13 18:57:18', '2017-04-13 21:45:41'), ('29', '100008', 'Haier/海尔HJ100-1HU1 10公斤滚筒洗衣机全自动带烘干家用大容量 洗烘一体', '门店机型 德邦送货', '173335a4-5dce-4afd-9f18-a10623724c4e.jpeg', '173335a4-5dce-4afd-9f18-a10623724c4e.jpeg,42b1b8bc-27c7-4ee1-80ab-753d216a1d49.jpeg,2f1b3de1-1eb1-4c18-8ca2-518934931bec.jpeg', '<p><img alt=\"1TB2WLZrcIaK.eBjSspjXXXL.XXa_!!2114960396.jpg\" src=\"http://img.happymmall.com/ffcce953-81bd-463c-acd1-d690b263d6df.jpg\" width=\"790\" height=\"920\"><img alt=\"2TB2zhOFbZCO.eBjSZFzXXaRiVXa_!!2114960396.jpg\" src=\"http://img.happymmall.com/58a7bd25-c3e7-4248-9dba-158ef2a90e70.jpg\" width=\"790\" height=\"1052\"><img alt=\"3TB27mCtb7WM.eBjSZFhXXbdWpXa_!!2114960396.jpg\" src=\"http://img.happymmall.com/2edbe9b3-28be-4a8b-a9c3-82e40703f22f.jpg\" width=\"790\" height=\"820\"><br></p>', '4299.00', '9993', '1', '2017-04-13 19:07:47', '2017-04-13 21:45:41');




